USE theater_db;
SET NAMES utf8mb4;

-- 演示用“高活跃个性化用户”
-- 画像：
-- 1. 常驻北京，偶尔也看上海口碑场
-- 2. 明显偏好话剧 / 音乐剧
-- 3. 对台词密度、人物冲突、演员表演张力比较敏感
-- 4. 对芭蕾/歌剧不是完全排斥，但不是核心偏好
-- 5. 适合演示“城市 + 个人历史 + 真实在售事实”联合推荐

-- 如果需要反复导入演示，可先清掉这组测试用户的历史
DELETE FROM terminology_feedback WHERE user_id = 101;
DELETE FROM terminology_feedback WHERE user_id = 102;
DELETE FROM terminology_feedback WHERE user_id = 103;
DELETE FROM actor_like WHERE user_id = 101;
DELETE FROM actor_like WHERE user_id = 102;
DELETE FROM actor_like WHERE user_id = 103;
DELETE FROM comment WHERE user_id = 101;
DELETE FROM comment WHERE user_id = 102;
DELETE FROM comment WHERE user_id = 103;
DELETE FROM play_rating WHERE user_id = 101;
DELETE FROM play_rating WHERE user_id = 102;
DELETE FROM play_rating WHERE user_id = 103;
DELETE FROM user WHERE id = 101;
DELETE FROM user WHERE id = 102;
DELETE FROM user WHERE id = 103;

INSERT INTO user (id, username, password_hash, nickname, avatar, created_at, updated_at) VALUES
(101, 'demo_power_user', 'hash101', '经典话剧用户', '/static/power-user.png', '2026-01-08 10:00:00', '2026-04-15 21:00:00'),
(102, 'demo_newbie_user', 'hash102', '新手入坑用户', '/static/newbie-user.png', '2026-02-01 10:00:00', '2026-04-15 21:00:00'),
(103, 'demo_musical_user', 'hash103', '音乐剧重度用户', '/static/musical-user.png', '2026-01-20 10:00:00', '2026-04-15 21:00:00');

-- 评分历史：
-- 高分集中在《茶馆》《雷雨》《恋爱的犀牛》《歌剧魅影》
-- 中等偏好给到《哈姆雷特》《李尔王》
-- 芭蕾/歌剧给保留分，体现“看过但不是主偏好”
INSERT INTO play_rating (id, user_id, play_id, rating, content, created_at, updated_at) VALUES
(101, 101, 4, 5, '非常吃群像戏和台词张力，这类经典话剧基本都会优先看。', '2026-01-12 20:50:00', '2026-01-12 20:50:00'),
(102, 101, 9, 5, '冲突推进很强，人物关系层层压上来，这种戏剧结构特别对胃口。', '2026-01-26 22:10:00', '2026-01-26 22:10:00'),
(103, 101, 8, 5, '情感表达直接，适合带朋友入坑，但我自己也愿意二刷。', '2026-02-08 21:40:00', '2026-02-08 21:40:00'),
(104, 101, 7, 5, '音乐剧里更偏爱叙事推进和人物状态都在线的作品。', '2026-02-22 22:30:00', '2026-02-22 22:30:00'),
(105, 101, 1, 4, '独白和表演完成度都很强，但我个人还是更偏现实题材一点。', '2026-03-02 22:05:00', '2026-03-02 22:05:00'),
(106, 101, 2, 4, '经典文本功底在线，适合认真看戏的时候去。', '2026-03-09 22:00:00', '2026-03-09 22:00:00'),
(107, 101, 12, 4, '音乐剧完成度不错，舞台节奏顺，属于会推荐给朋友的类型。', '2026-03-21 22:15:00', '2026-03-21 22:15:00'),
(108, 101, 6, 3, '能接受大歌剧，但个人还是更容易被话剧和音乐剧打动。', '2026-03-30 21:55:00', '2026-03-30 21:55:00'),
(109, 101, 5, 3, '舞台很美，但不是我最常主动搜索的方向。', '2026-04-05 21:20:00', '2026-04-05 21:20:00');

-- 演员偏好：
-- 保留两位话剧演员 + 一位兼具音乐剧属性的演员，方便召回时体现个人历史
INSERT INTO actor_like (id, user_id, actor_id, created_at) VALUES
(101, 101, 13, '2026-01-13 10:00:00'),
(102, 101, 14, '2026-01-27 10:00:00'),
(103, 101, 15, '2026-02-23 10:00:00');

-- 术语反馈：
-- 强化“独白 / 卡司 / 舞台调度 / 幕间”这类剧场用户会关注的点
INSERT INTO terminology_feedback (id, user_id, terminology_id, rating, created_at) VALUES
(101, 101, 28, 1, '2026-01-12 22:20:00'),
(102, 101, 30, 1, '2026-01-26 22:20:00'),
(103, 101, 32, 1, '2026-02-22 22:40:00'),
(104, 101, 34, 1, '2026-03-02 22:20:00');

-- 可选评论：
-- 用于演示社区内容、观后感和“用户不只是打分”的真实感
INSERT INTO comment (id, user_id, target_type, target_id, parent_id, content, created_at, updated_at) VALUES
(101, 101, 'PLAY', 4, NULL, '如果是第一次带朋友看经典话剧，我还是会优先推荐《茶馆》。', '2026-01-12 22:30:00', '2026-01-12 22:30:00'),
(102, 101, 'PLAY', 9, NULL, '《雷雨》这种人物关系和冲突密度高的戏，很适合已经入坑的观众。', '2026-01-26 22:30:00', '2026-01-26 22:30:00'),
(103, 101, 'PLAY', 7, NULL, '音乐剧里我更看重唱演和叙事是不是一起成立，不只是旋律熟不熟。', '2026-02-22 22:45:00', '2026-02-22 22:45:00');

-- 对照用户 1：新手入坑用户
-- 画像：
-- 1. 预算更敏感，偏好容易入门、情感表达直接的作品
-- 2. 对“经典文本”不排斥，但更喜欢门槛低、好理解、适合和朋友一起看的戏
-- 3. 适合演示“为什么系统会优先推《恋爱的犀牛》或价格友好的北京在售场”
INSERT INTO play_rating (id, user_id, play_id, rating, content, created_at, updated_at) VALUES
(201, 102, 8, 5, '第一次和朋友一起看，情感线很直给，接受门槛不高。', '2026-02-05 21:30:00', '2026-02-05 21:30:00'),
(202, 102, 7, 4, '音乐剧挺好入门，舞台也热闹，但我还是更在意故事好不好懂。', '2026-02-19 22:00:00', '2026-02-19 22:00:00'),
(203, 102, 4, 4, '经典话剧比想象中更好懂，适合想认真入坑的人。', '2026-03-01 21:50:00', '2026-03-01 21:50:00'),
(204, 102, 12, 4, '旋律熟悉，观演体验轻松，带同学来看也不容易踩雷。', '2026-03-16 22:10:00', '2026-03-16 22:10:00'),
(205, 102, 1, 3, '演得很好，但如果第一次看戏，还是会觉得信息量有点大。', '2026-03-29 22:05:00', '2026-03-29 22:05:00');

INSERT INTO actor_like (id, user_id, actor_id, created_at) VALUES
(201, 102, 15, '2026-02-20 10:00:00');

INSERT INTO terminology_feedback (id, user_id, terminology_id, rating, created_at) VALUES
(201, 102, 30, 1, '2026-03-01 22:00:00'),
(202, 102, 32, 1, '2026-03-16 22:20:00');

INSERT INTO comment (id, user_id, target_type, target_id, parent_id, content, created_at, updated_at) VALUES
(201, 102, 'PLAY', 8, NULL, '如果是第一次约朋友一起进剧场，我会先推《恋爱的犀牛》这种比较好进入状态的戏。', '2026-02-05 22:00:00', '2026-02-05 22:00:00'),
(202, 102, 'PLAY', 4, NULL, '《茶馆》比我想象中更好懂，经典不一定就很难入门。', '2026-03-01 22:10:00', '2026-03-01 22:10:00');

-- 对照用户 2：音乐剧重度用户
-- 画像：
-- 1. 明显偏好音乐剧，对唱段、卡司、返场氛围更敏感
-- 2. 也接受歌剧，但优先级仍然低于成熟商业音乐剧
-- 3. 适合演示“为什么系统会优先推《歌剧魅影》《猫》这类音乐剧候选”
INSERT INTO play_rating (id, user_id, play_id, rating, content, created_at, updated_at) VALUES
(301, 103, 7, 5, '唱演和舞美都在线，是会反复刷不同卡司的类型。', '2026-02-02 22:30:00', '2026-02-02 22:30:00'),
(302, 103, 12, 5, '节奏很好，旋律辨识度也高，属于标准的音乐剧快乐来源。', '2026-02-18 22:20:00', '2026-02-18 22:20:00'),
(303, 103, 11, 4, '大歌剧气场很足，但我日常还是会优先买音乐剧。', '2026-03-03 22:15:00', '2026-03-03 22:15:00'),
(304, 103, 6, 4, '唱段质量高，适合想听现场声乐的时候去。', '2026-03-17 22:10:00', '2026-03-17 22:10:00'),
(305, 103, 8, 3, '故事不错，但如果同档期有音乐剧，我通常不会优先选纯话剧。', '2026-03-28 21:50:00', '2026-03-28 21:50:00');

INSERT INTO actor_like (id, user_id, actor_id, created_at) VALUES
(301, 103, 18, '2026-02-03 10:00:00'),
(302, 103, 15, '2026-02-19 10:00:00'),
(303, 103, 16, '2026-03-04 10:00:00');

INSERT INTO terminology_feedback (id, user_id, terminology_id, rating, created_at) VALUES
(301, 103, 29, 1, '2026-02-02 22:40:00'),
(302, 103, 30, 1, '2026-02-18 22:30:00'),
(303, 103, 31, 1, '2026-03-03 22:20:00'),
(304, 103, 33, 1, '2026-03-17 22:20:00');

INSERT INTO comment (id, user_id, target_type, target_id, parent_id, content, created_at, updated_at) VALUES
(301, 103, 'PLAY', 7, NULL, '音乐剧最打动我的还是唱演是不是一起成立，《歌剧魅影》这点很稳。', '2026-02-02 22:45:00', '2026-02-02 22:45:00'),
(302, 103, 'PLAY', 12, NULL, '《猫》更像会反复刷卡司和舞台细节的类型。', '2026-02-18 22:35:00', '2026-02-18 22:35:00'),
(303, 103, 'PLAY', 11, NULL, '歌剧也会看，但如果预算有限，我一般还是优先音乐剧。', '2026-03-03 22:30:00', '2026-03-03 22:30:00');

-- 演示画像建议：
-- 101 = 经典话剧用户
-- 102 = 新手入坑用户
-- 103 = 音乐剧重度用户
